"","Full","Stem","Index","Min","Max","Total"
"1","home","home","1","4","413","12134"
"2","pride","pride","2","0","7","107"
"3","of","of","3","1","388","12432"
"4","ownership","ownership","4","0","7","113"
"5","is","i","5","0","227","7609"
"6","the","the","6","3","830","26216"
"7","moment","moment","7","0","5","121"
"8","you","you","8","0","93","3403"
"9","enter","enter","9","0","10","260"
"10","this","thi","10","2","255","8916"
"11","impressive","impress","11","0","10","173"
"12","perched","perch","12","0","15","350"
"13","along","along","13","0","10","245"
"14","burke","burk","14","0","11","286"
"15","gilman","gilman","15","0","11","278"
"16","trail","trail","16","0","21","465"
"17","special","special","17","0","14","304"
"18","has","ha","18","1","146","5219"
"19","all","all","19","0","105","3339"
"20","right","right","20","0","15","348"
"21","spaces","space","21","0","160","5228"
"22","on","on","22","1","334","10310"
"23","your","your","23","0","106","2889"
"24","list","list","24","0","18","332"
"25","for","for","25","0","271","8769"
"26","ideal","ideal","26","0","19","553"
"27","active","activ","27","0","9","128"
"28","lifestyle","lifestyl","28","0","10","234"
"29","oversized","overs","29","0","25","608"
"30","master","master","30","1","142","4213"
"31","suite","suit","31","0","89","2583"
"32","w","w","32","0","349","10808"
"33","adjoining","adjoin","33","0","11","227"
"34","sitting","sit","34","0","34","898"
"35","room","room","35","3","426","13868"
"36","deck","deck","36","0","175","5167"
"37","perfect","perfect","37","0","73","2018"
"38","place","place","38","0","21","426"
"39","to","to","39","4","647","18523"
"40","relax","relax","40","0","21","495"
"41","boasts","boast","41","0","26","758"
"42","bdrms","bdrm","43","0","68","1572"
"43","including","includ","44","0","87","2817"
"44","private","privat","45","0","109","3210"
"45","living","live","46","2","220","7030"
"46","possible","possibl","47","0","21","438"
"47","pair","pair","48","0","2","31"
"48","enjoy","enjoi","49","0","68","1867"
"49","open","open","50","0","146","4692"
"50","kitchen","kitchen","51","1","292","9503"
"51","layout","layout","52","0","9","253"
"52","family","famili","53","0","83","2753"
"53","mature","matur","54","0","20","600"
"54","lush","lush","55","0","17","405"
"55","yard","yard","56","0","117","4064"
"56","can","can","57","0","19","558"
"57","be","be","58","0","50","1317"
"58","from","from","59","0","120","3553"
"59","large","larg","61","0","188","6282"
"60","truly","truli","62","0","13","289"
"61","gem","gem","63","0","16","325"
"62","sunny","sunni","64","0","40","1034"
"63","and","and","65","4","1140","30464"
"64","bright","bright","66","0","44","1099"
"65","unit","unit","67","0","14","192"
"66","quiet","quiet","68","0","52","1547"
"67","side","side","69","0","24","712"
"68","building","build","70","0","21","309"
"69","with","with","71","4","607","18139"
"70","full","full","72","0","115","3152"
"71","western","western","73","0","9","227"
"72","exposure","exposur","74","0","10","261"
"73","in","in","75","4","500","16673"
"74","well","well","76","0","43","1276"
"75","maintained","maintain","77","0","33","891"
"76","newer","newer","78","0","56","1841"
"77","windows","window","79","0","127","4442"
"78","spacious","spaciou","80","0","121","3468"
"79","floorplan","floorplan","81","0","10","212"
"80","bedroom","bedroom","82","2","250","7565"
"81","bath","bath","83","3","291","8660"
"82","2nd","2nd","84","0","45","1017"
"83","tiled","tile","85","0","61","2029"
"84","tub","tub","86","0","30","1038"
"85","shower","shower","87","0","21","466"
"86","surrounds","surround","88","0","21","629"
"87","fireplace","fireplac","89","0","137","4343"
"88","sun","sun","90","0","23","626"
"89","appliances","applianc","91","0","81","2355"
"90","range","rang","92","0","19","586"
"91","fridge","fridg","93","0","6","122"
"92","dishwasher","dishwash","94","0","5","122"
"93","plus","plu","95","0","48","1331"
"94","washer","washer","96","0","10","195"
"95","dryer","dryer","97","0","10","205"
"96","dining","dine","98","0","141","4770"
"97","formal","formal","99","0","59","1851"
"98","entry","entri","100","0","41","1131"
"99","hardwoods","hardwood","101","0","127","4484"
"100","freshly","freshli","102","0","17","381"
"101","painted","paint","103","0","55","1855"
"102","thruout","thruout","104","0","5","62"
"103","new","new","105","1","189","6852"
"104","light","light","106","1","144","4295"
"105","fixtures","fixtur","107","0","15","389"
"106","storage","storag","108","0","93","2698"
"107","more","more","109","0","44","1471"
"108","great","great","110","0","128","4093"
"109","updated","updat","111","0","156","5282"
"110","georgetown","georgetown","112","0","5","58"
"111","charmer","charmer","113","0","12","318"
"112","beautiful","beauti","114","0","70","2254"
"113","street","street","115","0","116","3615"
"114","club","club","116","0","10","184"
"115","original","origin","117","0","61","1571"
"116","character","charact","118","0","15","314"
"117","details","detail","119","0","41","1295"
"118","incl","incl","120","0","12","232"
"119","picture","pictur","121","0","17","553"
"120","rail","rail","122","0","37","806"
"121","molding","mold","123","0","18","503"
"122","knobs","knob","124","0","4","75"
"123","fir","fir","125","0","27","632"
"124","floors","floor","126","0","339","10564"
"125","romantic","romant","127","0","5","103"
"126","period","period","128","0","24","838"
"127","will","will","129","0","34","1057"
"128","make","make","130","0","29","955"
"129","fall","fall","131","0","9","129"
"130","love","love","132","0","57","1796"
"131","step","step","133","0","24","742"
"132","inside","insid","134","0","21","629"
"133","kind","kind","135","0","7","126"
"134","t","t","136","0","16","535"
"135","miss","miss","137","0","16","417"
"136","huge","huge","138","0","67","1916"
"137","fully","fulli","139","0","56","1824"
"138","fenced","fenc","140","0","82","2590"
"139","outdoor","outdoor","141","0","37","927"
"140","play","plai","142","0","17","560"
"141","triple","tripl","143","0","3","32"
"142","paned","pane","144","0","26","655"
"143","electric","electr","145","0","35","1126"
"144","plumbing","plumb","146","0","45","1400"
"145","bonus","bonu","147","0","38","1018"
"146","features","featur","148","0","122","3268"
"147","wine","wine","149","0","11","307"
"148","cellar","cellar","150","0","8","168"
"149","detached","detach","151","0","43","1288"
"150","office","offic","152","0","52","1802"
"151","music","music","153","0","3","34"
"152","art","art","154","0","11","287"
"153","studio","studio","155","0","19","503"
"154","or","or","156","0","110","3043"
"155","mil","mil","157","0","27","378"
"156","remodeled","remodel","158","0","86","3083"
"157","lot","lot","160","0","132","3767"
"158","natural","natur","161","0","37","1123"
"159","sw","sw","162","0","6","100"
"160","located","locat","163","0","134","4078"
"161","n","n","164","0","5","87"
"162","beacon","beacon","165","0","24","309"
"163","hill","hill","166","0","45","1023"
"164","it","it","167","0","73","2336"
"165","s","","168","0","116","3116"
"166","easy","easi","169","0","65","1612"
"167","access","access","170","0","85","2683"
"168","bus","bu","171","0","37","781"
"169","shops","shop","172","0","84","2918"
"170","grocery","groceri","173","0","8","162"
"171","parks","park","174","0","209","5172"
"172","hospital","hospit","175","0","7","115"
"173","etc","etc","176","0","7","196"
"174","backyard","backyard","177","0","83","2315"
"175","basement","basement","178","0","84","2685"
"176","rents","rent","179","0","11","120"
"177","up","up","180","0","59","1538"
"178","rental","rental","181","0","12","158"
"179","sites","site","182","0","14","427"
"180","inc","inc","184","0","3","56"
"181","roof","roof","185","0","59","1993"
"182","dbl","dbl","186","0","9","109"
"183","crown","crown","187","0","12","380"
"184","doors","door","188","0","67","2310"
"185","fix","fix","189","0","2","23"
"186","elec","elec","190","0","4","60"
"187","line","line","191","0","43","1212"
"188","refinished","refinish","192","0","31","743"
"189","hrdwds","hrdwd","193","0","6","134"
"190","french","french","194","0","41","1259"
"191","drain","drain","195","0","3","32"
"192","landscaping","landscap","196","0","55","1638"
"193","near","near","197","0","24","643"
"194","cap","cap","199","0","5","35"
"195","quite","quit","200","0","2","35"
"196","neighborhood","neighborhood","201","0","71","1904"
"197","tucked","tuck","202","0","10","174"
"198","off","off","203","0","85","2771"
"199","oak","oak","204","0","34","909"
"200","carpet","carpet","205","0","32","1011"
"201","area","area","206","0","96","3141"
"202","gas","ga","207","0","92","2830"
"203","serene","seren","208","0","14","272"
"204","back","back","209","0","83","2474"
"205","garden","garden","210","0","95","2818"
"206","views","view","211","1","212","5654"
"207","city","citi","212","0","49","1496"
"208","mt","mt","213","0","19","615"
"209","rainier","rainier","214","0","27","513"
"210","fr","fr","215","0","4","48"
"211","separate","separ","216","0","36","887"
"212","daylight","daylight","217","0","24","617"
"213","income","incom","219","0","7","114"
"214","potential","potenti","220","0","48","1021"
"215","car","car","221","0","112","3070"
"216","garage","garag","222","0","149","4722"
"217","story","stori","224","0","20","608"
"218","house","hous","225","0","36","1323"
"219","main","main","227","0","144","4204"
"220","level","level","228","0","224","5816"
"221","front","front","229","0","46","1466"
"222","eating","eat","230","0","45","1572"
"223","slider","slider","231","0","11","209"
"224","covered","cover","232","0","42","1028"
"225","providing","provid","233","0","17","566"
"226","boeing","boe","234","0","4","31"
"227","field","field","235","0","6","84"
"228","upper","upper","236","0","35","891"
"229","non","non","237","0","9","224"
"230","conforming","conform","238","0","8","194"
"231","two","two","239","0","73","2149"
"232","unfinished","unfinish","240","0","25","585"
"233","half","half","241","0","13","274"
"234","fruit","fruit","242","0","12","366"
"235","trees","tree","243","0","35","1027"
"236","carport","carport","244","0","15","321"
"237","value","valu","245","0","9","203"
"238","land","land","246","0","6","113"
"239","freeways","freewai","247","0","17","377"
"240","exceptional","except","248","0","12","228"
"241","last","last","249","0","7","173"
"242","end","end","250","0","25","740"
"243","setting","set","251","0","35","845"
"244","popular","popular","252","0","10","187"
"245","minutes","minut","253","0","40","955"
"246","link","link","254","0","3","59"
"247","things","thing","255","0","3","52"
"248","seattle","seattl","256","0","98","2082"
"249","blend","blend","257","0","10","255"
"250","quality","qualiti","258","0","22","508"
"251","design","design","259","0","56","1473"
"252","ft","ft","260","0","36","749"
"253","ceilings","ceil","261","0","102","3485"
"254","maple","mapl","262","0","14","520"
"255","granite","granit","263","0","61","1770"
"256","finishes","finish","264","0","78","2536"
"257","built","built","265","0","68","2493"
"258","luxurious","luxuri","266","0","18","365"
"259","owner","owner","267","0","21","568"
"260","vaulted","vault","268","0","29","844"
"261","second","second","269","0","19","512"
"262","frplc","frplc","270","0","9","201"
"263","five","five","271","0","4","81"
"264","piece","piec","272","0","12","307"
"265","extends","extend","273","0","5","106"
"266","patio","patio","274","0","81","2548"
"267","low","low","275","0","14","309"
"268","maintenance","mainten","276","0","9","241"
"269","hardi","hardi","277","0","3","39"
"270","board","board","278","0","2","32"
"271","major","major","279","0","8","155"
"272","commutes","commut","280","0","30","538"
"273","classic","classic","281","0","50","1488"
"274","brick","brick","282","0","32","875"
"275","unobstructed","unobstruct","283","0","5","71"
"276","lake","lake","284","1","85","2082"
"277","washington","washington","285","0","29","557"
"278","island","island","286","0","19","477"
"279","charm","charm","287","0","80","2793"
"280","abundant","abund","289","0","12","398"
"281","hard","hard","290","0","6","112"
"282","wood","wood","291","0","80","1935"
"283","month","month","292","0","5","58"
"284","law","law","293","0","10","151"
"285","apartment","apart","294","0","6","113"
"286","needs","need","295","0","19","397"
"287","some","some","296","0","16","306"
"288","tlc","tlc","297","0","7","83"
"289","cozy","cozi","298","0","30","715"
"290","laundry","laundri","299","0","47","1437"
"291","school","school","300","0","42","1119"
"292","must","must","301","0","27","468"
"293","see","see","302","0","34","775"
"294","filled","fill","303","0","43","1267"
"295","panoramic","panoram","304","0","9","152"
"296","mountains","mountain","305","0","36","956"
"297","throughout","throughout","306","0","67","1783"
"298","counter","counter","307","0","58","1967"
"299","tops","top","308","0","44","1312"
"300","ss","ss","309","0","20","548"
"301","hurry","hurri","310","0","5","101"
"302","go","go","311","0","10","163"
"303","fast","fast","312","0","2","40"
"304","leschi","leschi","313","0","8","90"
"305","craftsman","craftsman","314","0","57","1916"
"306","today","todai","316","0","12","297"
"307","flowing","flow","317","0","27","618"
"308","plan","plan","318","0","70","1968"
"309","offers","offer","319","0","72","2188"
"310","gorgeous","gorgeou","320","0","42","1059"
"311","box","box","321","0","15","269"
"312","beams","beam","322","0","17","352"
"313","inlaid","inlaid","323","0","5","71"
"314","leaded","lead","324","0","52","1349"
"315","gourmet","gourmet","325","0","23","508"
"316","kit","kit","326","0","19","350"
"317","drs","dr","327","0","10","231"
"318","entertaining","entertain","328","0","108","3036"
"319","3rd","3rd","329","0","24","589"
"320","fl","fl","330","0","3","56"
"321","mstr","mstr","331","0","6","149"
"322","lower","lower","332","0","100","2827"
"323","media","media","333","0","26","755"
"324","work","work","334","0","19","692"
"325","out","out","335","0","53","1719"
"326","secret","secret","336","0","3","62"
"327","very","veri","337","0","26","756"
"328","mtn","mtn","338","0","9","215"
"329","vistas","vista","339","0","5","99"
"330","bungalow","bungalow","340","0","24","770"
"331","heart","heart","341","0","29","835"
"332","turn","turn","342","0","12","313"
"333","key","kei","343","0","6","177"
"334","stainless","stainless","344","0","47","1485"
"335","clawfoot","clawfoot","345","0","4","57"
"336","recently","recent","346","0","14","477"
"337","rec","rec","347","0","43","1246"
"338","stone","stone","348","0","15","436"
"339","block","block","349","0","54","1451"
"340","pergola","pergola","350","0","2","32"
"341","exterior","exterior","351","0","22","569"
"342","system","system","352","0","27","1080"
"343","centrally","central","353","0","15","317"
"344","by","by","354","0","52","1514"
"345","downtown","downtown","355","0","54","1456"
"346","ravenna","ravenna","356","0","9","214"
"347","sf","sf","357","0","11","228"
"348","bathroom","bathroom","358","0","48","1625"
"349","better","better","359","0","4","82"
"350","nice","nice","360","0","29","942"
"351","amazing","amaz","361","0","30","609"
"352","style","style","362","0","26","893"
"353","bed","bed","363","0","53","1492"
"354","stairs","stair","364","0","6","138"
"355","down","down","365","0","18","493"
"356","move","move","366","0","32","995"
"357","ready","readi","367","0","45","1242"
"358","also","also","368","0","16","545"
"359","plenty","plenti","369","0","31","849"
"360","that","that","370","0","61","1995"
"361","pets","pet","371","0","6","91"
"362","wonderful","wonder","372","0","26","997"
"363","three","three","373","0","29","761"
"364","fresco","fresco","374","0","4","53"
"365","fabulous","fabul","375","0","17","612"
"366","restaurants","restaur","376","0","50","1350"
"367","village","villag","377","0","22","569"
"368","u","u","378","0","9","269"
"369","university","univers","380","0","7","142"
"370","children","children","381","0","7","129"
"371","much","much","382","0","18","467"
"372","short","short","383","0","19","469"
"373","walk","walk","384","1","116","3351"
"374","alaska","alaska","385","0","7","115"
"375","st","st","386","0","7","170"
"376","junction","junction","387","0","15","366"
"377","studs","stud","388","0","8","141"
"378","slab","slab","389","0","18","484"
"379","glass","glass","390","0","34","1041"
"380","creative","creativ","391","0","6","110"
"381","sellers","seller","392","0","8","134"
"382","renovated","renov","393","0","19","544"
"383","adding","ad","394","0","7","187"
"384","creating","creat","395","0","16","408"
"385","modern","modern","396","0","62","1508"
"386","flex","flex","397","0","12","138"
"387","guest","guest","398","0","30","838"
"388","quarters","quarter","399","0","8","213"
"389","upgrades","upgrad","400","0","22","587"
"390","plank","plank","401","0","6","107"
"391","double","doubl","402","0","36","1033"
"392","hung","hung","403","0","2","26"
"393","vinyl","vinyl","404","0","12","347"
"394","copper","copper","405","0","11","266"
"395","interior","interior","406","0","28","835"
"396","beautifully","beautifulli","407","0","32","894"
"397","prime","prime","408","0","12","219"
"398","genesee","genese","409","0","5","98"
"399","just","just","410","0","68","2050"
"400","immaculate","immacul","411","0","8","237"
"401","rambler","rambler","412","0","18","545"
"402","peek","peek","413","0","8","177"
"403","sound","sound","414","0","50","1251"
"404","corner","corner","415","0","38","1055"
"405","burning","burn","416","0","34","688"
"406","extra","extra","417","0","27","814"
"407","gutters","gutter","418","0","8","136"
"408","r","r","419","0","4","42"
"409","boat","boat","420","0","10","194"
"410","sport","sport","421","0","5","99"
"411","court","court","422","0","8","134"
"412","schmitz","schmitz","423","0","4","64"
"413","elementary","elementari","424","0","15","227"
"414","did","did","425","0","3","25"
"415","too","too","426","0","16","285"
"416","during","dure","427","0","4","39"
"417","holiday","holidai","428","0","3","35"
"418","come","come","429","0","25","547"
"419","south","south","430","0","17","406"
"420","check","check","431","0","7","83"
"421","trim","trim","432","0","10","269"
"422","as","a","433","0","55","1648"
"423","fresh","fresh","434","0","23","582"
"424","was","wa","435","0","18","523"
"425","when","when","436","0","7","126"
"426","giant","giant","438","0","4","60"
"427","additional","addit","439","0","33","1112"
"428","4th","4th","440","0","17","486"
"429","stove","stove","441","0","18","381"
"430","ever","ever","442","0","5","101"
"431","so","so","443","0","19","408"
"432","used","us","444","0","21","525"
"433","single","singl","445","0","8","182"
"434","close","close","446","0","78","1990"
"435","farm","farm","447","0","4","76"
"436","builder","builder","448","0","7","141"
"437","dream","dream","449","0","19","445"
"438","legal","legal","450","0","5","65"
"439","tax","tax","451","0","3","47"
"440","parcels","parcel","452","0","7","41"
"441","each","each","453","0","14","235"
"442","square","squar","454","0","12","298"
"443","feet","feet","455","0","9","157"
"444","ground","ground","456","0","11","343"
"445","territorial","territori","457","0","18","493"
"446","sunsets","sunset","458","0","22","494"
"447","lincoln","lincoln","459","0","9","229"
"448","southern","southern","460","0","5","125"
"449","tear","tear","461","0","3","36"
"450","rehab","rehab","462","0","4","37"
"451","no","no","463","0","17","367"
"452","don","don","464","0","13","362"
"453","sale","sale","465","0","11","166"
"454","welcome","welcom","466","0","41","1046"
"455","urban","urban","467","0","18","387"
"456","retreat","retreat","468","0","12","327"
"457","adorable","ador","469","0","12","246"
"458","totally","total","470","0","10","228"
"459","ans","an","472","0","103","3091"
"460","stylish","stylish","473","0","12","282"
"461","quartz","quartz","474","0","25","401"
"462","dark","dark","475","0","4","69"
"463","newly","newli","476","0","21","571"
"464","west","west","477","0","45","958"
"465","facing","face","478","0","26","646"
"466","endless","endless","479","0","9","139"
"467","opportunities","opportun","480","0","33","765"
"468","recreation","recreat","481","0","6","164"
"469","clean","clean","482","0","10","285"
"470","please","pleas","483","0","9","186"
"471","call","call","484","0","11","232"
"472","helpful","help","485","0","6","90"
"473","agent","agent","486","0","13","152"
"474","showing","show","487","0","7","164"
"475","nestled","nestl","488","0","15","302"
"476","at","at","489","0","34","918"
"477","road","road","490","0","7","42"
"478","like","like","491","0","30","791"
"479","gives","give","492","0","6","158"
"480","mid","mid","493","0","36","1116"
"481","century","centuri","494","0","40","1263"
"482","complete","complet","495","0","47","1251"
"483","privacy","privaci","496","0","26","663"
"484","slate","slate","497","0","10","260"
"485","circular","circular","498","0","12","317"
"486","sized","size","499","0","42","1271"
"487","own","own","500","0","27","695"
"488","nw","nw","501","0","13","260"
"489","contemporary","contemporari","502","0","25","577"
"490","blks","blk","503","0","6","103"
"491","hdwds","hdwd","504","0","11","246"
"492","flr","flr","505","0","26","860"
"493","liv","liv","506","0","14","202"
"494","din","din","507","0","9","195"
"495","rm","rm","508","0","87","2235"
"496","wet","wet","509","0","8","207"
"497","bar","bar","510","0","25","718"
"498","fpl","fpl","511","0","4","41"
"499","lg","lg","512","0","13","302"
"500","bth","bth","513","0","20","519"
"501","closet","closet","514","0","68","1709"
"502","utility","util","515","0","21","672"
"503","magnificent","magnific","516","0","7","91"
"504","take","take","517","0","12","357"
"505","breath","breath","518","0","2","28"
"506","away","awai","519","0","22","549"
"507","elevator","elev","520","0","5","73"
"508","dont","dont","521","0","3","71"
"509","purchase","purchas","522","0","4","54"
"510","secluded","seclud","523","0","8","185"
"511","ferry","ferri","524","0","7","117"
"512","pool","pool","525","0","8","254"
"513","hot","hot","526","0","25","710"
"514","exudes","exud","527","0","5","60"
"515","arrive","arriv","528","0","3","30"
"516","heat","heat","529","0","43","1279"
"517","pump","pump","530","0","9","141"
"518","if","if","531","0","7","201"
"519","wanting","want","532","0","9","240"
"520","experience","experi","533","0","9","76"
"521","cedar","cedar","534","0","11","261"
"522","over","over","535","0","31","688"
"523","are","ar","537","0","53","1566"
"524","have","have","538","0","24","720"
"525","north","north","539","0","18","400"
"526","degrees","degre","542","0","3","52"
"527","puget","puget","543","0","21","395"
"528","olympic","olymp","544","0","25","649"
"529","ll","ll","545","0","18","438"
"530","after","after","546","0","23","418"
"531","long","long","547","0","8","219"
"532","day","dai","548","0","13","387"
"533","gatewood","gatewood","549","0","5","71"
"534","best","best","550","0","16","464"
"535","advantage","advantag","552","0","5","91"
"536","tons","ton","553","0","31","740"
"537","estate","estat","554","0","7","173"
"538","investors","investor","555","0","5","77"
"539","first","first","556","0","13","381"
"540","time","time","557","0","16","482"
"541","buyers","buyer","558","0","13","307"
"542","get","get","559","0","10","186"
"543","already","alreadi","560","0","5","51"
"544","but","but","561","0","17","441"
"545","would","would","562","0","5","127"
"546","not","not","563","0","25","358"
"547","fixer","fixer","564","0","8","125"
"548","could","could","565","0","22","413"
"549","sold","sold","566","0","7","175"
"550","priced","price","567","0","10","279"
"551","shared","share","568","0","6","129"
"552","driveway","drivewai","569","0","14","269"
"553","spot","spot","570","0","7","172"
"554","currently","current","571","0","7","207"
"555","arbor","arbor","572","0","11","194"
"556","heights","height","573","0","20","606"
"557","sq","sq","575","0","28","669"
"558","what","what","576","0","8","195"
"559","ve","ve","577","0","6","155"
"560","been","been","578","0","33","1098"
"561","bbq","bbq","579","0","20","424"
"562","excellent","excel","580","0","20","489"
"563","secure","secur","581","0","6","160"
"564","gleaming","gleam","582","0","26","607"
"565","reclaimed","reclaim","583","0","3","34"
"566","upstairs","upstair","584","0","41","1359"
"567","stand","stand","585","0","4","99"
"568","alone","alon","586","0","3","38"
"569","nook","nook","587","0","24","734"
"570","cheerful","cheer","588","0","3","62"
"571","massive","massiv","589","0","6","105"
"572","versatile","versatil","590","0","5","92"
"573","flat","flat","591","0","9","191"
"574","green","green","592","0","32","892"
"575","summer","summer","593","0","28","464"
"576","darling","darl","594","0","7","143"
"577","furnace","furnac","595","0","35","1144"
"578","water","water","596","0","31","977"
"579","heater","heater","597","0","15","453"
"580","solar","solar","598","0","6","55"
"581","tv","tv","599","0","4","81"
"582","craft","craft","600","0","8","174"
"583","there","there","601","0","21","682"
"584","good","good","602","0","23","624"
"585","vanity","vaniti","603","0","8","131"
"586","adjacent","adjac","604","0","14","293"
"587","galley","gallei","605","0","4","35"
"588","breakfast","breakfast","606","0","17","475"
"589","table","tabl","607","0","6","101"
"590","steel","steel","608","0","23","683"
"591","service","servic","609","0","8","157"
"592","screened","screen","610","0","4","56"
"593","plantings","plant","611","0","16","340"
"594","converted","convert","612","0","7","138"
"595","third","third","613","0","7","166"
"596","easily","easili","614","0","9","149"
"597","spa","spa","615","0","17","267"
"598","era","era","616","0","6","136"
"599","reflect","reflect","617","0","3","46"
"600","standards","standard","618","0","2","47"
"601","craftsmanship","craftsmanship","619","0","8","116"
"602","allow","allow","620","0","9","231"
"603","year","year","621","0","35","804"
"604","everything","everyth","622","0","17","464"
"605","done","done","623","0","7","139"
"606","here","here","624","0","13","360"
"607","sweet","sweet","625","0","20","443"
"608","exposed","expos","626","0","4","117"
"609","colors","color","627","0","13","365"
"610","cooking","cook","628","0","18","495"
"611","alley","allei","629","0","35","1134"
"612","shrubs","shrub","630","0","2","29"
"613","flowers","flower","631","0","6","128"
"614","friendly","friendli","632","0","8","171"
"615","brand","brand","633","0","17","409"
"616","beyond","beyond","634","0","5","101"
"617","fauntleroy","fauntleroi","635","0","5","92"
"618","loads","load","636","0","11","335"
"619","cable","cabl","637","0","2","31"
"620","occupy","occupi","638","0","5","25"
"621","condition","condit","639","0","11","416"
"622","2baths","2bath","640","0","3","25"
"623","jetted","jet","641","0","8","233"
"624","fp","fp","642","0","9","290"
"625","comfortable","comfort","643","0","23","442"
"626","terrific","terrif","644","0","7","149"
"627","den","den","645","0","34","885"
"628","attached","attach","646","0","44","1077"
"629","compliment","compliment","647","0","3","60"
"630","contact","contact","648","0","6","55"
"631","fantastic","fantast","650","0","22","567"
"632","3bds","3bd","651","0","4","38"
"633","concept","concept","652","0","17","320"
"634","countertops","countertop","653","0","16","457"
"635","espresso","espresso","654","0","4","57"
"636","cabinets","cabinet","655","0","40","1367"
"637","soft","soft","656","0","3","66"
"638","trex","trex","657","0","4","85"
"639","got","got","658","0","3","25"
"640","hobby","hobbi","659","0","6","129"
"641","shed","shed","660","0","18","439"
"642","centers","center","661","0","14","372"
"643","ba","ba","662","0","11","244"
"644","season","season","663","0","4","66"
"645","dramatic","dramat","664","0","7","159"
"646","airy","airi","665","0","7","149"
"647","cabinetry","cabinetri","666","0","11","375"
"648","overlooking","overlook","667","0","29","764"
"649","3br","3br","668","0","6","68"
"650","1ba","1ba","669","0","5","49"
"651","sqft","sqft","670","0","10","187"
"652","gar","gar","671","0","10","227"
"653","gated","gate","672","0","8","172"
"654","drive","drive","673","0","10","180"
"655","marvel","marvel","674","0","3","44"
"656","miles","mile","675","0","7","113"
"657","within","within","676","0","13","310"
"658","bustling","bustl","677","0","4","52"
"659","alki","alki","678","0","9","248"
"660","beach","beach","679","0","44","933"
"661","striking","strike","680","0","4","63"
"662","abound","abound","681","0","9","175"
"663","midcentury","midcenturi","682","0","3","28"
"664","warm","warm","683","0","12","429"
"665","bamboo","bamboo","684","0","10","244"
"666","stained","stain","685","0","6","128"
"667","spanning","span","686","0","8","46"
"668","length","length","687","0","3","37"
"669","sweeping","sweep","688","0","15","290"
"670","elliott","elliott","689","0","4","62"
"671","bay","bai","690","0","13","368"
"672","only","onli","691","0","14","294"
"673","cute","cute","692","0","11","297"
"674","personality","person","693","0","8","202"
"675","even","even","694","0","12","348"
"676","future","futur","695","0","14","258"
"677","add","add","696","0","20","415"
"678","package","packag","697","0","6","114"
"679","distance","distanc","698","0","18","450"
"680","br","br","699","0","36","843"
"681","wonderfully","wonderfulli","700","0","6","90"
"682","lr","lr","701","0","8","213"
"683","coved","cove","702","0","19","621"
"684","sewer","sewer","703","0","12","266"
"685","c","c","704","0","16","221"
"686","convenience","conveni","705","0","30","1006"
"687","townhouse","townhous","706","0","3","32"
"688","without","without","707","0","3","33"
"689","walls","wall","708","0","25","779"
"690","powder","powder","709","0","5","104"
"691","both","both","710","0","17","512"
"692","next","next","711","0","9","180"
"693","perfectly","perfectli","712","0","8","217"
"694","situated","situat","713","0","18","487"
"695","other","other","714","0","10","292"
"696","balcony","balconi","715","0","9","216"
"697","vac","vac","716","0","2","27"
"698","lawn","lawn","717","0","11","178"
"699","into","into","718","0","30","717"
"700","lovingly","lovingli","719","0","17","309"
"701","staying","stai","720","0","11","149"
"702","admiral","admir","721","0","10","239"
"703","way","wai","722","0","9","193"
"704","while","while","723","0","13","353"
"705","soak","soak","724","0","9","235"
"706","many","mani","725","0","29","776"
"707","thumb","thumb","726","0","2","25"
"708","rose","rose","727","0","4","47"
"709","bushes","bush","728","0","3","27"
"710","partial","partial","729","0","18","475"
"711","expansive","expans","730","0","32","734"
"712","tranquil","tranquil","731","0","13","232"
"713","sanctuary","sanctuari","732","0","9","103"
"714","host","host","733","0","8","97"
"715","party","parti","734","0","13","224"
"716","between","between","735","0","9","172"
"717","stores","store","736","0","8","147"
"718","downstairs","downstair","737","0","25","716"
"719","options","option","738","0","12","177"
"720","dual","dual","739","0","8","186"
"721","controls","control","740","0","5","53"
"722","smart","smart","741","0","5","107"
"723","ultra","ultra","742","0","3","29"
"724","entrance","entranc","743","0","22","426"
"725","expands","expand","744","0","9","209"
"726","sought","sought","745","0","19","360"
"727","touches","touch","746","0","13","384"
"728","wiring","wire","747","0","20","482"
"729","insulation","insul","748","0","13","273"
"730","hydronic","hydron","749","0","2","31"
"731","boiler","boiler","750","0","3","30"
"732","rv","rv","751","0","8","230"
"733","dead","dead","752","0","11","284"
"734","combination","combin","754","0","10","219"
"735","those","those","755","0","6","118"
"736","who","who","756","0","3","71"
"737","coupled","coupl","757","0","4","68"
"738","sensibilities","sensibl","758","0","3","34"
"739","arched","arch","759","0","9","198"
"740","doorways","doorwai","760","0","5","100"
"741","high","high","761","0","60","1818"
"742","elegantly","elegantli","762","0","3","41"
"743","cherry","cherri","763","0","13","394"
"744","almost","almost","764","0","5","121"
"745","everywhere","everywher","765","0","6","64"
"746","wireless","wireless","766","0","3","27"
"747","architecturally","architectur","767","0","14","308"
"748","stunning","stun","768","0","31","814"
"749","cool","cool","769","0","14","245"
"750","enclosed","enclos","770","0","7","139"
"751","porch","porch","771","0","38","1020"
"752","rare","rare","772","0","26","596"
"753","en","en","773","0","12","184"
"754","custom","custom","774","0","44","1404"
"755","find","find","775","0","26","588"
"756","another","anoth","776","0","9","235"
"757","nursery","nurseri","777","0","8","86"
"758","dressing","dress","778","0","3","52"
"759","multiple","multipl","779","0","8","128"
"760","lvg","lvg","781","0","4","26"
"761","inviting","invit","782","0","18","595"
"762","splash","splash","783","0","7","102"
"763","throw","throw","784","0","4","64"
"764","fab","fab","785","0","5","55"
"765","rear","rear","786","0","11","380"
"766","appeal","appeal","787","0","9","235"
"767","outside","outsid","788","0","14","356"
"768","winter","winter","789","0","4","89"
"769","chance","chanc","790","0","3","48"
"770","delightful","delight","791","0","15","422"
"771","reading","read","792","0","4","86"
"772","beat","beat","793","0","4","39"
"773","either","either","794","0","4","31"
"774","deep","deep","795","0","4","108"
"775","now","now","796","0","5","143"
"776","prepare","prepar","797","0","4","46"
"777","meals","meal","798","0","3","42"
"778","looking","look","799","0","16","535"
"779","found","found","800","0","4","68"
"780","footage","footag","801","0","4","63"
"781","ample","ampl","802","0","18","487"
"782","waiting","wait","803","0","11","307"
"783","paved","pave","804","0","5","116"
"784","several","sever","805","0","7","90"
"785","town","town","806","0","5","92"
"786","larger","larger","807","0","4","100"
"787","than","than","808","0","11","244"
"788","usable","usabl","809","0","3","32"
"789","farmhouse","farmhous","811","0","7","154"
"790","vintage","vintag","812","0","14","436"
"791","tall","tall","813","0","9","201"
"792","instant","instant","814","0","4","42"
"793","equity","equiti","815","0","5","91"
"794","cafes","cafe","816","0","18","318"
"795","paradise","paradis","817","0","7","108"
"796","little","littl","818","0","7","171"
"797","feeling","feel","819","0","16","424"
"798","cork","cork","820","0","5","70"
"799","chic","chic","821","0","4","76"
"800","accents","accent","822","0","7","187"
"801","outlook","outlook","823","0","4","85"
"802","wow","wow","824","0","7","121"
"803","tastefully","tastefulli","825","0","10","221"
"804","circa","circa","826","0","2","34"
"805","round","round","827","0","9","195"
"806","amenities","amen","828","0","22","541"
"807","shaker","shaker","829","0","4","58"
"808","multi","multi","830","0","6","143"
"809","1940s","1940","831","0","5","117"
"810","greenery","greeneri","832","0","3","51"
"811","recessed","recess","833","0","6","84"
"812","roughed","rough","834","0","6","86"
"813","embrace","embrac","835","0","4","67"
"814","small","small","836","0","9","195"
"815","creek","creek","837","0","9","92"
"816","cape","cape","838","0","17","441"
"817","cod","cod","839","0","17","431"
"818","curb","curb","840","0","5","89"
"819","cared","care","841","0","12","337"
"820","free","free","843","0","7","84"
"821","since","sinc","844","0","5","101"
"822","organic","organ","845","0","4","110"
"823","veggie","veggi","846","0","3","48"
"824","refurbished","refurbish","847","0","2","28"
"825","worlds","world","848","0","15","394"
"826","awaits","await","849","0","17","326"
"827","nights","night","850","0","7","108"
"828","drop","drop","851","0","3","41"
"829","stunningly","stunningli","852","0","3","29"
"830","barn","barn","853","0","3","33"
"831","kitchenette","kitchenett","854","0","6","87"
"832","seperate","seper","855","0","3","26"
"833","morgan","morgan","856","0","4","82"
"834","vibrant","vibrant","857","0","9","151"
"835","roosevelt","roosevelt","858","0","3","47"
"836","bedrms","bedrm","859","0","8","246"
"837","efficiency","effici","860","0","17","518"
"838","uw","uw","861","0","17","397"
"839","station","station","862","0","11","185"
"840","score","score","863","0","14","340"
"841","spectacular","spectacular","865","0","14","277"
"842","desirable","desir","866","0","19","687"
"843","wallingford","wallingford","867","0","12","230"
"844","community","commun","868","0","19","415"
"845","old","old","869","0","20","546"
"846","restored","restor","870","0","13","355"
"847","white","white","871","0","14","264"
"848","hw","hw","872","0","3","43"
"849","antique","antiqu","873","0","2","28"
"850","cabs","cab","874","0","6","81"
"851","apps","app","875","0","2","43"
"852","bs","b","876","0","5","75"
"853","enormous","enorm","877","0","6","101"
"854","loft","loft","878","0","9","252"
"855","o","o","879","0","4","31"
"856","h","h","880","0","6","52"
"857","e","e","881","0","3","48"
"858","tankless","tankless","882","0","6","103"
"859","pkg","pkg","883","0","5","93"
"860","colonial","coloni","884","0","7","161"
"861","exceptionally","exception","885","0","2","50"
"862","elegant","eleg","886","0","19","485"
"863","wooden","wooden","887","0","3","30"
"864","solid","solid","888","0","14","395"
"865","carrera","carrera","889","0","2","29"
"866","marble","marbl","890","0","13","369"
"867","every","everi","891","0","14","378"
"868","captivating","captiv","892","0","3","88"
"869","enjoyment","enjoy","893","0","4","62"
"870","phinney","phinnei","895","0","19","356"
"871","ridge","ridg","896","0","19","412"
"872","flooded","flood","897","0","6","173"
"873","owc","owc","898","0","3","24"
"874","quaint","quaint","899","0","6","112"
"875","country","countri","900","0","6","157"
"876","bd","bd","901","0","9","149"
"877","woodland","woodland","902","0","5","76"
"878","coffee","coffe","903","0","20","415"
"879","eateries","eateri","904","0","9","178"
"880","these","these","905","0","4","51"
"881","few","few","906","0","11","283"
"882","remaining","remain","907","0","4","51"
"883","roll","roll","908","0","3","33"
"884","bring","bring","909","0","12","329"
"885","imagination","imagin","910","0","10","191"
"886","madrona","madrona","911","0","11","148"
"887","avenue","avenu","912","0","6","58"
"888","magazine","magazin","913","0","3","38"
"889","four","four","914","0","10","259"
"890","showcasing","showcas","915","0","7","123"
"891","millwork","millwork","916","0","16","271"
"892","above","abov","917","0","22","565"
"893","enhances","enhanc","918","0","5","122"
"894","livability","livabl","920","0","5","90"
"895","walkability","walkabl","921","0","9","194"
"896","sensational","sensat","922","0","3","33"
"897","boo","boo","923","0","4","90"
"898","cascade","cascad","924","0","16","451"
"899","commercial","commerci","925","0","3","52"
"900","district","district","926","0","8","158"
"901","choices","choic","927","0","4","73"
"902","hi","hi","928","0","4","83"
"903","red","red","929","0","4","55"
"904","sense","sens","930","0","5","73"
"905","peace","peac","931","0","15","302"
"906","diamond","diamond","932","0","6","45"
"907","subway","subwai","933","0","6","88"
"908","ease","eas","934","0","3","52"
"909","unique","uniqu","936","0","14","365"
"910","galore","galor","937","0","9","174"
"911","still","still","938","0","6","121"
"912","highlights","highlight","939","0","5","119"
"913","batchelder","batcheld","940","0","3","65"
"914","blt","blt","942","0","2","26"
"915","aesthetics","aesthet","943","0","3","38"
"916","big","big","944","0","34","909"
"917","verdant","verdant","945","0","4","52"
"918","fun","fun","946","0","11","263"
"919","mahogany","mahogani","947","0","9","214"
"920","woodwork","woodwork","948","0","10","168"
"921","generous","gener","949","0","20","704"
"922","amp","amp","951","0","33","488"
"923","panel","panel","952","0","11","359"
"924","permitted","permit","953","0","7","53"
"925","dwelling","dwell","954","0","4","61"
"926","radiant","radiant","955","0","10","254"
"927","super","super","956","0","13","310"
"928","variety","varieti","957","0","3","31"
"929","vegetables","veget","958","0","4","85"
"930","attic","attic","959","0","9","223"
"931","transit","transit","960","0","17","308"
"932","public","public","961","0","10","129"
"933","paths","path","962","0","4","77"
"934","carkeek","carkeek","963","0","5","117"
"935","fire","fire","964","0","12","204"
"936","workshop","workshop","966","0","11","309"
"937","outbuildings","outbuild","967","0","10","95"
"938","appls","appl","968","0","13","256"
"939","mantled","mantl","969","0","6","124"
"940","frpl","frpl","970","0","7","176"
"941","california","california","971","0","4","67"
"942","sliding","slide","972","0","8","154"
"943","awesome","awesom","973","0","8","182"
"944","blue","blue","974","0","7","96"
"945","golden","golden","975","0","6","92"
"946","dwntwn","dwntwn","976","0","3","31"
"947","greenlake","greenlak","977","0","10","243"
"948","lrg","lrg","978","0","13","216"
"949","pantry","pantri","979","0","16","388"
"950","ballard","ballard","980","0","33","819"
"951","hidden","hidden","981","0","4","68"
"952","surprises","surpris","982","0","4","80"
"953","knocks","knock","983","0","4","68"
"954","barbecue","barbecu","984","0","5","73"
"955","raised","rais","985","0","13","213"
"956","grape","grape","986","0","3","40"
"957","pad","pad","987","0","7","96"
"958","hop","hop","988","0","6","50"
"959","tasteful","tast","989","0","7","151"
"960","bosch","bosch","990","0","3","70"
"961","ge","ge","991","0","5","37"
"962","refrigerator","refriger","992","0","4","108"
"963","european","european","993","0","4","49"
"964","professionally","profession","994","0","12","313"
"965","rocking","rock","995","0","8","228"
"966","chair","chair","996","0","8","191"
"967","inspired","inspir","997","0","7","166"
"968","bookcases","bookcas","998","0","6","88"
"969","playroom","playroom","999","0","4","51"
"970","barbeque","barbequ","1000","0","3","31"
"971","chef","chef","1001","0","23","603"
"972","air","air","1002","0","13","308"
"973","addl","addl","1003","0","3","35"
"974","morning","morn","1004","0","12","156"
"975","det","det","1005","0","4","44"
"976","tudor","tudor","1006","0","4","47"
"977","rich","rich","1007","0","19","550"
"978","stucco","stucco","1008","0","6","229"
"979","final","final","1009","0","4","37"
"980","do","do","1010","0","2","31"
"981","scope","scope","1011","0","11","214"
"982","inspection","inspect","1012","0","4","30"
"983","available","avail","1013","0","6","56"
"984","vibe","vibe","1014","0","8","195"
"985","true","true","1015","0","4","43"
"986","library","librari","1016","0","10","229"
"987","theater","theater","1017","0","11","258"
"988","moulding","mould","1018","0","7","118"
"989","tank","tank","1019","0","3","48"
"990","trellis","trelli","1020","0","6","140"
"991","around","around","1021","0","2","29"
"992","metropolitan","metropolitan","1022","0","11","317"
"993","market","market","1023","0","3","44"
"994","where","where","1024","0","20","565"
"995","coop","coop","1025","0","11","181"
"996","seats","seat","1026","0","3","35"
"997","ironwood","ironwood","1027","0","11","229"
"998","grow","grow","1028","0","2","29"
"999","refreshed","refresh","1030","0","3","70"
"1000","peak","peak","1031","0","6","76"
"1001","thru","thru","1032","0","4","49"
"1002","jacuzzi","jacuzzi","1033","0","7","182"
"1003","mother","mother","1034","0","4","50"
"1004","bottom","bottom","1035","0","9","133"
"1005","laminate","lamin","1037","0","5","83"
"1006","skylights","skylight","1038","0","6","97"
"1007","staircase","staircas","1039","0","20","510"
"1008","does","doe","1040","0","10","235"
"1009","greenhouse","greenhous","1041","0","3","43"
"1010","corian","corian","1042","0","3","52"
"1011","roomy","roomi","1043","0","3","50"
"1012","travertine","travertin","1045","0","5","46"
"1013","form","form","1046","0","4","71"
"1014","function","function","1047","0","3","52"
"1015","laid","laid","1048","0","15","297"
"1016","foot","foot","1049","0","2","34"
"1017","recroom","recroom","1050","0","13","324"
"1018","greenbelt","greenbelt","1051","0","3","30"
"1019","backsplash","backsplash","1052","0","6","106"
"1020","pull","pull","1053","0","7","177"
"1021","drawers","drawer","1054","0","3","44"
"1022","everyone","everyon","1055","0","2","48"
"1023","bench","bench","1056","0","5","85"
"1024","swim","swim","1057","0","5","87"
"1025","tennis","tenni","1058","0","6","76"
"1026","elem","elem","1059","0","7","87"
"1027","zoning","zone","1060","0","4","66"
"1028","fremont","fremont","1061","0","10","154"
"1029","selling","sell","1062","0","11","190"
"1030","property","properti","1063","0","5","93"
"1031","tulip","tulip","1065","0","2","40"
"1032","sparkling","sparkl","1066","0","2","34"
"1033","storybook","storybook","1067","0","5","110"
"1034","cottage","cottag","1068","0","5","71"
"1035","insert","insert","1069","0","11","259"
"1036","retains","retain","1071","0","6","128"
"1037","whittier","whittier","1072","0","6","118"
"1038","coveted","covet","1073","0","4","65"
"1039","together","togeth","1074","0","24","445"
"1040","walkscore","walkscor","1075","0","6","60"
"1041","mention","mention","1076","0","5","109"
"1042","superb","superb","1078","0","7","86"
"1043","life","life","1079","0","6","135"
"1044","sophistication","sophist","1081","0","3","65"
"1045","grace","grace","1082","0","7","185"
"1046","through","through","1083","0","5","120"
"1047","signature","signatur","1084","0","18","421"
"1048","her","her","1085","0","3","37"
"1049","gaming","game","1086","0","3","40"
"1050","sidewalks","sidewalk","1087","0","5","94"
"1051","meadowbrook","meadowbrook","1088","0","4","53"
"1052","4br","4br","1089","0","5","92"
"1053","sink","sink","1090","0","4","30"
"1054","oasis","oasi","1091","0","16","444"
"1055","enchanting","enchant","1092","0","15","341"
"1056","business","busi","1093","0","6","128"
"1057","think","think","1094","0","5","94"
"1058","real","real","1095","0","4","37"
"1059","spend","spend","1096","0","6","135"
"1060","sauna","sauna","1097","0","4","29"
"1061","vacuum","vacuum","1098","0","5","89"
"1062","greets","greet","1099","0","3","30"
"1063","appointed","appoint","1100","0","7","131"
"1064","2ba","2ba","1101","0","11","156"
"1065","route","rout","1102","0","3","42"
"1066","kitch","kitch","1103","0","5","70"
"1067","westerly","westerli","1104","0","5","132"
"1068","energy","energi","1105","0","4","84"
"1069","impeccably","impecc","1106","0","9","249"
"1070","mounted","mount","1107","0","9","199"
"1071","culinary","culinari","1108","0","9","108"
"1072","5th","5th","1109","0","3","26"
"1073","captured","captur","1110","0","4","82"
"1074","established","establish","1111","0","9","174"
"1075","pass","pass","1112","0","5","78"
"1076","breeze","breez","1113","0","3","50"
"1077","adu","adu","1114","0","5","62"
"1078","timeless","timeless","1115","0","15","170"
"1079","solarium","solarium","1116","0","7","177"
"1080","toward","toward","1117","0","3","30"
"1081","terrace","terrac","1118","0","5","53"
"1082","most","most","1119","0","10","271"
"1083","manteled","mantel","1120","0","17","468"
"1084","framing","frame","1121","0","4","54"
"1085","retro","retro","1122","0","11","196"
"1086","had","had","1123","0","5","107"
"1087","knotty","knotti","1124","0","3","41"
"1088","pine","pine","1125","0","2","39"
"1089","food","food","1126","0","5","74"
"1090","pipes","pipe","1127","0","6","76"
"1091","pk","pk","1128","0","3","28"
"1092","cosmetic","cosmet","1129","0","5","55"
"1093","say","sai","1130","0","5","76"
"1094","traditional","tradit","1131","0","2","34"
"1095","cupboards","cupboard","1132","0","10","328"
"1096","onto","onto","1133","0","3","47"
"1097","choose","choos","1134","0","12","249"
"1098","yet","yet","1135","0","2","28"
"1099","residential","residenti","1136","0","15","372"
"1100","re","re","1137","0","6","88"
"1101","walnut","walnut","1138","0","10","215"
"1102","masterpiece","masterpiec","1139","0","6","51"
"1103","waterfront","waterfront","1140","0","3","47"
"1104","shipping","ship","1141","0","9","140"
"1105","lanes","lane","1142","0","5","67"
"1106","de","de","1143","0","4","90"
"1107","head","head","1144","0","8","127"
"1108","metal","metal","1145","0","5","108"
"1109","point","point","1146","0","6","77"
"1110","majestic","majest","1147","0","11","145"
"1111","needle","needl","1148","0","4","48"
"1112","incredible","incred","1149","0","4","74"
"1113","development","develop","1150","0","10","304"
"1114","put","put","1151","0","7","104"
"1115","they","thei","1152","0","4","66"
"1116","any","ani","1153","0","5","63"
"1117","proudly","proudli","1154","0","5","145"
"1118","boulevard","boulevard","1155","0","3","46"
"1119","upon","upon","1156","0","3","43"
"1120","foyer","foyer","1157","0","5","71"
"1121","anchored","anchor","1158","0","6","85"
"1122","grand","grand","1159","0","4","34"
"1123","left","left","1160","0","14","346"
"1124","youll","youll","1161","0","4","62"
"1125","stately","state","1162","0","6","104"
"1126","ago","ago","1163","0","8","180"
"1127","parlor","parlor","1164","0","3","41"
"1128","which","which","1165","0","3","25"
"1129","pleasant","pleasant","1166","0","16","333"
"1130","below","below","1167","0","4","62"
"1131","equally","equal","1168","0","5","108"
"1132","dinner","dinner","1169","0","3","32"
"1133","kept","kept","1171","0","8","94"
"1134","favorite","favorit","1172","0","4","77"
"1135","under","under","1173","0","6","77"
"1136","hood","hood","1174","0","14","339"
"1137","never","never","1175","0","4","68"
"1138","die","die","1176","0","4","43"
"1139","middle","middl","1177","0","3","29"
"1140","itself","itself","1178","0","4","36"
"1141","murphy","murphi","1179","0","3","37"
"1142","p","p","1180","0","3","33"
"1143","patch","patch","1181","0","3","53"
"1144","shape","shape","1182","0","3","47"
"1145","residence","resid","1183","0","5","47"
"1146","decorative","decor","1184","0","7","179"
"1147","archways","archwai","1185","0","3","45"
"1148","attractive","attract","1186","0","5","63"
"1149","connection","connect","1187","0","7","109"
"1150","power","power","1188","0","9","152"
"1151","industrial","industri","1189","0","6","78"
"1152","fan","fan","1190","0","3","26"
"1153","keep","keep","1191","0","5","58"
"1154","whole","whole","1192","0","5","113"
"1155","shingle","shingl","1193","0","5","80"
"1156","upscale","upscal","1194","0","4","49"
"1157","ktchn","ktchn","1195","0","3","44"
"1158","their","their","1196","0","4","36"
"1159","ensuite","ensuit","1197","0","4","82"
"1160","bathrm","bathrm","1198","0","5","69"
"1161","bikes","bike","1199","0","3","35"
"1162","sight","sight","1200","0","11","212"
"1163","northwest","northwest","1202","0","6","48"
"1164","cul","cul","1203","0","5","103"
"1165","sac","sac","1204","0","8","121"
"1166","wrapped","wrap","1205","0","8","121"
"1167","l","l","1206","0","11","247"
"1168","broadview","broadview","1207","0","6","152"
"1169","sleeping","sleep","1208","0","8","153"
"1170","yr","yr","1209","0","4","44"
"1171","warranty","warranti","1210","0","5","130"
"1172","prepped","prep","1211","0","6","105"
"1173","remarkable","remark","1212","0","3","44"
"1174","traffic","traffic","1213","0","4","82"
"1175","affords","afford","1214","0","5","63"
"1176","absolutely","absolut","1215","0","5","109"
"1177","entire","entir","1216","0","7","171"
"1178","meticulously","meticul","1217","0","7","100"
"1179","zero","zero","1218","0","13","311"
"1180","dog","dog","1219","0","6","84"
"1181","run","run","1220","0","8","132"
"1182","g","g","1221","0","6","120"
"1183","metro","metro","1222","0","4","36"
"1184","investment","invest","1223","0","3","49"
"1185","ride","ride","1225","0","4","37"
"1186","ranch","ranch","1227","0","2","32"
"1187","union","union","1228","0","2","25"
"1188","skyline","skylin","1229","0","8","118"
"1189","may","mai","1230","0","15","147"
"1190","duplex","duplex","1231","0","4","69"
"1191","conversion","convers","1232","0","3","29"
"1192","extensive","extens","1233","0","4","31"
"1193","approved","approv","1234","0","11","302"
"1194","highest","highest","1235","0","9","41"
"1195","split","split","1236","0","3","41"
"1196","mix","mix","1237","0","14","137"
"1197","informal","inform","1238","0","5","72"
"1198","butlers","butler","1241","0","8","173"
"1199","blooming","bloom","1242","0","5","59"
"1200","dayrooms","dayroom","1243","0","3","39"
"1201","redone","redon","1244","0","3","27"
"1202","rainy","raini","1245","0","7","114"
"1203","retail","retail","1246","0","2","26"
"1204","sunday","sundai","1247","0","5","62"
"1205","farmer","farmer","1248","0","4","56"
"1206","local","local","1249","0","5","97"
"1207","sunroom","sunroom","1250","0","13","197"
"1208","trader","trader","1251","0","6","93"
"1209","joes","joe","1252","0","3","33"
"1210","fine","fine","1253","0","4","48"
"1211","transportation","transport","1254","0","4","82"
"1212","swedish","swedish","1255","0","8","126"
"1213","speakers","speaker","1256","0","2","32"
"1214","sprinkler","sprinkler","1257","0","4","65"
"1215","defined","defin","1259","0","4","62"
"1216","ac","ac","1260","0","3","45"
"1217","thoughtful","thought","1261","0","6","111"
"1218","lit","lit","1262","0","9","180"
"1219","shelving","shelv","1263","0","3","58"
"1220","let","let","1264","0","7","121"
"1221","bryant","bryant","1265","0","6","125"
"1222","meets","meet","1266","0","11","231"
"1223","highly","highli","1267","0","8","129"
"1224","flagstone","flagston","1268","0","12","212"
"1225","drenched","drench","1269","0","2","48"
"1226","honey","honei","1270","0","6","160"
"1227","pcc","pcc","1271","0","2","32"
"1228","bg","bg","1272","0","7","128"
"1229","magnuson","magnuson","1273","0","3","46"
"1230","part","part","1274","0","4","45"
"1231","anderson","anderson","1275","0","5","86"
"1232","ne","ne","1276","0","3","34"
"1233","indoors","indoor","1277","0","3","50"
"1234","fam","fam","1278","0","12","193"
"1235","ball","ball","1279","0","9","185"
"1236","sustainably","sustain","1280","0","3","30"
"1237","paperstone","paperston","1281","0","4","27"
"1238","concrete","concret","1282","0","2","28"
"1239","clear","clear","1283","0","7","175"
"1240","bsmt","bsmt","1284","0","4","44"
"1241","ravine","ravin","1285","0","16","254"
"1242","atrium","atrium","1286","0","3","29"
"1243","atop","atop","1287","0","3","38"
"1244","wide","wide","1288","0","3","51"
"1245","elliot","elliot","1289","0","10","215"
"1246","across","across","1290","0","2","33"
"1247","whimsical","whimsic","1291","0","13","234"
"1248","simply","simpli","1292","0","4","31"
"1249","unbelievable","unbeliev","1293","0","4","72"
"1250","present","present","1294","0","3","34"
"1251","commanding","command","1295","0","5","114"
"1252","gym","gym","1296","0","3","47"
"1253","watch","watch","1297","0","3","46"
"1254","viking","vike","1298","0","9","137"
"1255","nearby","nearbi","1299","0","8","191"
"1256","bakery","bakeri","1300","0","12","229"
"1257","then","then","1301","0","8","72"
"1258","bones","bone","1302","0","4","74"
"1259","start","start","1303","0","6","98"
"1260","italian","italian","1304","0","8","94"
"1261","floating","float","1305","0","3","52"
"1262","hearth","hearth","1306","0","3","35"
"1263","info","info","1307","0","3","39"
"1264","http","http","1308","0","3","55"
"1265","com","com","1309","0","4","43"
"1266","magical","magic","1310","0","7","118"
"1267","won","won","1311","0","6","83"
"1268","exquisite","exquisit","1312","0","6","84"
"1269","iconic","icon","1313","0","13","200"
"1270","mudroom","mudroom","1314","0","3","30"
"1271","wash","wash","1315","0","4","58"
"1272","east","east","1316","0","5","58"
"1273","acre","acr","1317","0","8","131"
"1274","walkway","walkwai","1318","0","6","116"
"1275","soaring","soar","1320","0","3","47"
"1276","semi","semi","1321","0","11","188"
"1277","hallways","hallwai","1322","0","5","40"
"1278","historic","histor","1323","0","3","52"
"1279","kubota","kubota","1324","0","10","156"
"1280","forced","forc","1325","0","4","29"
"1281","h20","h20","1326","0","4","76"
"1282","tool","tool","1328","0","6","112"
"1283","equipped","equip","1329","0","6","72"
"1284","via","via","1330","0","4","73"
"1285","grade","grade","1331","0","5","92"
"1286","oil","oil","1332","0","4","73"
"1287","existing","exist","1333","0","2","39"
"1288","h2o","h2o","1334","0","4","52"
"1289","engineered","engin","1335","0","4","100"
"1290","stop","stop","1336","0","3","26"
"1291","definitely","definit","1337","0","5","84"
"1292","inlayed","inlai","1338","0","2","32"
"1293","fourth","fourth","1339","0","2","49"
"1294","construction","construct","1340","0","3","46"
"1295","materials","materi","1341","0","11","295"
"1296","brazilian","brazilian","1342","0","6","105"
"1297","award","award","1343","0","5","91"
"1298","winning","win","1344","0","7","89"
"1299","loyal","loyal","1345","0","7","102"
"1300","afternoons","afternoon","1346","0","7","118"
"1301","starter","starter","1347","0","4","66"
"1302","vehicles","vehicl","1348","0","6","129"
"1303","wainscotting","wainscot","1349","0","4","37"
"1304","pedestal","pedest","1350","0","6","148"
"1305","scenic","scenic","1351","0","4","66"
"1306","shilshole","shilshol","1352","0","3","25"
"1307","artists","artist","1353","0","2","32"
"1308","palette","palett","1354","0","6","159"
"1309","pacific","pacif","1355","0","3","41"
"1310","buses","buse","1357","0","3","27"
"1311","hands","hand","1358","0","7","98"
"1312","superior","superior","1359","0","5","69"
"1313","integrity","integr","1360","0","3","30"
"1314","pocket","pocket","1361","0","4","57"
"1315","marmoleum","marmoleum","1362","0","4","70"
"1316","discovered","discov","1363","0","3","54"
"1317","handsome","handsom","1364","0","3","52"
"1318","stream","stream","1365","0","10","133"
"1319","ponds","pond","1366","0","4","55"
"1320","ceramic","ceram","1367","0","5","87"
"1321","cup","cup","1369","0","3","63"
"1322","columbia","columbia","1370","0","3","26"
"1323","youve","youv","1371","0","14","309"
"1324","yesteryear","yesteryear","1372","0","2","32"
"1325","continue","continu","1373","0","2","29"
"1326","gatherings","gather","1374","0","3","60"
"1327","intimate","intim","1375","0","7","153"
"1328","oven","oven","1376","0","4","60"
"1329","microwave","microwav","1377","0","7","165"
"1330","casual","casual","1378","0","3","37"
"1331","polished","polish","1379","0","8","128"
"1332","flanked","flank","1380","0","5","91"
"1333","zen","zen","1381","0","3","66"
"1334","fountain","fountain","1382","0","3","52"
"1335","proximity","proxim","1383","0","3","50"
"1336","something","someth","1384","0","4","84"
"1337","drink","drink","1385","0","3","39"
"1338","catch","catch","1386","0","3","26"
"1339","airport","airport","1387","0","4","52"
"1340","about","about","1388","0","6","85"
"1341","sip","sip","1390","0","4","67"
"1342","mind","mind","1391","0","3","32"
"1343","appreciate","appreci","1392","0","3","64"
"1344","structure","structur","1393","0","8","109"
"1345","1st","1st","1394","0","4","70"
"1346","sizable","sizabl","1395","0","4","81"
"1347","yoga","yoga","1396","0","2","39"
"1348","such","such","1397","0","5","47"
"1349","know","know","1398","0","5","97"
"1350","certified","certifi","1399","0","2","31"
"1351","sunrise","sunris","1400","0","2","31"
"1352","whatever","whatev","1401","0","9","91"
"1353","quintessential","quintessenti","1402","0","3","29"
"1354","rapid","rapid","1403","0","6","111"
"1355","greenwood","greenwood","1404","0","4","49"
"1356","term","term","1405","0","10","257"
"1357","hold","hold","1406","0","3","34"
"1358","swing","swing","1407","0","3","49"
"1359","bertazzoni","bertazzoni","1408","0","3","36"
"1360","explore","explor","1409","0","2","25"
"1361","apos","apo","1410","0","4","26"
"1362","irrigation","irrig","1411","0","10","67"
"1363","discovery","discoveri","1412","0","3","39"
"1364","pizza","pizza","1413","0","7","136"
"1365","stroll","stroll","1414","0","3","27"
"1366","magnolia","magnolia","1415","0","11","212"
"1367","grab","grab","1416","0","28","425"
"1368","starbucks","starbuck","1417","0","2","26"
"1369","gracious","graciou","1418","0","3","48"
"1370","nanny","nanni","1419","0","13","400"
"1371","hardwds","hardwd","1420","0","3","44"
"1372","courtyard","courtyard","1421","0","4","60"
"1373","grassy","grassi","1422","0","7","153"
"1374","goes","goe","1423","0","3","38"
"1375","yourself","yourself","1424","0","3","40"
"1376","sandstone","sandston","1425","0","5","75"
"1377","exercise","exercis","1426","0","5","40"
"1378","hip","hip","1427","0","4","68"
"1379","authentic","authent","1428","0","7","114"
"1380","slope","slope","1429","0","3","34"
"1381","protected","protect","1430","0","6","78"
"1382","manicured","manicur","1431","0","4","68"
"1383","finest","finest","1432","0","5","103"
"1384","six","six","1433","0","4","84"
"1385","burner","burner","1434","0","3","26"
"1386","playground","playground","1435","0","5","75"
"1387","made","made","1436","0","5","81"
"1388","sleek","sleek","1437","0","7","82"
"1389","accommodating","accommod","1438","0","9","110"
"1390","dacor","dacor","1439","0","4","63"
"1391","black","black","1440","0","3","34"
"1392","honed","hone","1441","0","2","44"
"1393","steam","steam","1442","0","4","50"
"1394","pristine","pristin","1443","0","3","43"
"1395","sunshine","sunshin","1444","0","6","97"
"1396","baker","baker","1445","0","3","49"
"1397","seamlessly","seamlessli","1446","0","10","211"
"1398","cooler","cooler","1447","0","5","98"
"1399","dues","due","1448","0","3","25"
"1400","ultimate","ultim","1449","0","3","31"
"1401","condo","condo","1450","0","4","45"
"1402","alternative","altern","1451","0","6","98"
"1403","breathtaking","breathtak","1452","0","5","96"
"1404","directly","directli","1453","0","8","99"
"1405","dutch","dutch","1454","0","4","53"
"1406","queen","queen","1455","0","5","99"
"1407","anne","ann","1456","0","15","336"
"1408","bank","bank","1457","0","15","339"
"1409","changing","chang","1458","0","9","76"
"1410","vashon","vashon","1459","0","4","46"
"1411","sea","sea","1460","0","4","35"
"1412","southwest","southwest","1461","0","4","52"
"1413","photos","photo","1462","0","3","32"
"1414","virtual","virtual","1463","0","15","75"
"1415","tour","tour","1464","0","5","39"
"1416","noted","note","1465","0","4","45"
"1417","architect","architect","1466","0","2","29"
"1418","cathedral","cathedr","1467","0","9","172"
"1419","bells","bell","1469","0","4","73"
"1420","whistles","whistl","1470","0","3","31"
"1421","attention","attent","1472","0","5","97"
"1422","socks","sock","1473","0","7","164"
"1423","bluff","bluff","1474","0","2","28"
"1424","before","befor","1475","0","3","27"
"1425","outstanding","outstand","1476","0","4","40"
"1426","unwind","unwind","1477","0","5","107"
"1427","extremely","extrem","1478","0","3","27"
"1428","birds","bird","1479","0","3","39"
"1429","cement","cement","1480","0","2","37"
"1430","pit","pit","1481","0","3","27"
"1431","leave","leav","1482","0","7","96"
"1432","surfaces","surfac","1483","0","6","80"
"1433","balance","balanc","1484","0","4","57"
"1434","treed","treed","1486","0","3","37"
"1435","eagles","eagl","1487","0","3","29"
"1436","canvas","canva","1488","0","3","26"
"1437","glorious","gloriou","1489","0","3","44"
"1438","mechanicals","mechan","1490","0","3","56"
"1439","lift","lift","1491","0","2","32"
"1440","treasures","treasur","1492","0","3","38"
"1441","shutters","shutter","1493","0","5","67"
"1442","sky","sky","1494","0","4","50"
"1443","blank","blank","1495","0","4","55"
"1444","dynamic","dynam","1496","0","4","42"
"1445","mosaic","mosaic","1498","0","9","223"
"1446","elements","element","1499","0","3","37"
"1447","butcher","butcher","1500","0","5","60"
"1448","really","realli","1501","0","4","68"
"1449","westwood","westwood","1503","0","3","53"
"1450","were","were","1505","0","3","44"
"1451","al","al","1506","0","2","47"
"1452","eastside","eastsid","1507","0","5","60"
"1453","english","english","1508","0","6","66"
"1454","become","becom","1509","0","3","41"
"1455","sep","sep","1510","0","3","40"
"1456","rebuilt","rebuilt","1511","0","4","54"
"1457","bsmnt","bsmnt","1512","0","6","87"
"1458","bdr","bdr","1513","0","5","78"
"1459","installed","instal","1514","0","6","67"
"1460","visit","visit","1516","0","3","40"
"1461","turnkey","turnkei","1517","0","4","69"
"1462","bookshelves","bookshelv","1518","0","5","69"
"1463","buy","bui","1519","0","5","64"
"1464","me","me","1520","0","9","129"
"1465","dated","date","1521","0","12","58"
"1466","seaview","seaview","1522","0","3","29"
"1467","flexible","flexibl","1523","0","4","40"
"1468","cooktop","cooktop","1524","0","6","130"
"1469","grill","grill","1525","0","3","59"
"1470","mkt","mkt","1526","0","2","39"
"1471","nearly","nearli","1527","0","3","32"
"1472","yd","yd","1528","0","7","90"
"1473","chicken","chicken","1529","0","4","69"
"1474","neighbor","neighbor","1530","0","3","50"
"1475","min","min","1531","0","10","145"
"1476","approx","approx","1532","0","11","192"
"1477","pretty","pretti","1534","0","3","48"
"1478","practical","practic","1535","0","4","60"
"1479","picket","picket","1536","0","4","51"
"1480","behind","behind","1537","0","4","60"
"1481","matches","match","1538","0","6","70"
"1482","belvidere","belvider","1540","0","3","31"
"1483","preserved","preserv","1541","0","5","84"
"1484","dry","dry","1542","0","5","85"
"1485","soothing","sooth","1543","0","4","63"
"1486","hutch","hutch","1544","0","3","27"
"1487","crisp","crisp","1545","0","3","51"
"1488","thoughtfully","thoughtfulli","1546","0","3","62"
"1489","unlimited","unlimit","1547","0","7","165"
"1490","tremendous","tremend","1548","0","2","32"
"1491","ste","ste","1549","0","5","62"
"1492","lwr","lwr","1550","0","3","40"
"1493","lvl","lvl","1551","0","4","55"
"1494","tandem","tandem","1552","0","6","100"
"1495","boundary","boundari","1553","0","5","66"
"1496","radiates","radiat","1554","0","3","40"
"1497","purpose","purpos","1555","0","3","36"
"1498","million","million","1557","0","5","91"
"1499","unbeatable","unbeat","1558","0","4","44"
"1500","dt","dt","1559","0","2","38"
"1501","interests","interest","1561","0","4","50"
"1502","native","nativ","1563","0","2","35"
"1503","pub","pub","1564","0","3","45"
"1504","replaced","replac","1565","0","6","72"
"1505","oozing","ooz","1566","0","4","65"
"1506","button","button","1567","0","3","34"
"1507","warmth","warmth","1569","0","3","37"
"1508","bellevue","bellevu","1571","0","5","74"
"1509","facility","facil","1572","0","7","75"
"1510","japanese","japanes","1573","0","2","30"
"1511","maximizes","maxim","1575","0","2","34"
"1512","numerous","numer","1576","0","3","56"
"1513","pc","pc","1577","0","6","100"
"1514","thoroughly","thoroughli","1579","0","3","48"
"1515","spilling","spill","1580","0","2","25"
"1516","gaze","gaze","1581","0","3","34"
"1517","madison","madison","1582","0","2","27"
"1518","picturesque","picturesqu","1583","0","8","178"
"1519","playfield","playfield","1584","0","6","84"
"1520","sumptuous","sumptuou","1585","0","4","71"
"1521","2br","2br","1586","0","5","73"
"1522","scaled","scale","1587","0","4","50"
"1523","stage","stage","1589","0","4","40"
"1524","sunlight","sunlight","1590","0","3","37"
"1525","lk","lk","1591","0","6","90"
"1526","daily","daili","1592","0","6","103"
"1527","sub","sub","1593","0","2","29"
"1528","environment","environ","1594","0","7","95"
"1529","canal","canal","1595","0","2","26"
"1530","locks","lock","1596","0","4","60"
"1531","bridge","bridg","1597","0","4","73"
"1532","beckons","beckon","1598","0","7","118"
"1533","cheery","cheeri","1599","0","3","34"
"1534","believe","believ","1600","0","3","54"
"1535","waterfalls","waterfal","1601","0","2","27"
"1536","dreamy","dreami","1602","0","3","33"
"1537","mostly","mostli","1603","0","4","50"
"1538","adorned","adorn","1604","0","4","71"
"1539","renowned","renown","1605","0","3","46"
"1540","memories","memori","1606","0","2","30"
"1541","orig","orig","1607","0","3","33"
"1542","gazebo","gazebo","1608","0","3","48"
"1543","www","www","1609","0","4","52"
"1544","intact","intact","1610","0","6","63"
"1545","pot","pot","1611","0","10","191"
"1546","thermal","thermal","1612","0","3","42"
"1547","same","same","1613","0","4","32"
"1548","alcove","alcov","1614","0","7","136"
"1549","limestone","limeston","1615","0","3","43"
"1550","untouched","untouch","1616","0","3","48"
"1551","toilet","toilet","1617","0","3","25"
"1552","birch","birch","1618","0","3","53"
"1553","rain","rain","1619","0","2","32"
"1554","premiere","premier","1620","0","3","67"
"1555","hall","hall","1621","0","5","53"
"1556","study","studi","1622","0","5","76"
"1557","lounging","loung","1623","0","3","77"
"1558","fits","fit","1624","0","4","51"
"1559","project","project","1626","0","5","74"
"1560","further","further","1627","0","6","98"
"1561","marina","marina","1628","0","3","43"
"1562","shopprop","shopprop","1629","0","4","47"
"1563","we","we","1630","0","15","89"
"1564","our","our","1631","0","11","112"
"1565","commission","commiss","1632","0","7","64"
"1566","mls","ml","1633","0","4","26"
"1567","company","compani","1634","0","4","39"
"1568","per","per","1635","0","7","58"
"1569","nwmls","nwml","1636","0","4","58"
"1570","rule","rule","1637","0","4","34"
"1571","advertising","advertis","1639","0","4","32"
"1572","brokered","broker","1640","0","7","76"
"1573","prop","prop","1641","0","5","57"
"1574","brilliant","brilliant","1642","0","6","34"
"1575","far","far","1643","0","4","40"
"1576","draw","draw","1644","0","3","32"
"1577","restful","rest","1645","0","2","29"
"1578","buslines","buslin","1646","0","3","56"
"1579","townhome","townhom","1647","0","3","43"
"1580","quick","quick","1648","0","5","51"
"1581","miele","miel","1649","0","10","185"
"1582","wedgwood","wedgwood","1650","0","4","50"
"1583","membership","membership","1651","0","9","213"
"1584","wedgewood","wedgewood","1652","0","3","46"
"1585","maximum","maximum","1653","0","5","25"
"1586","hm","hm","1654","0","3","48"
"1587","bthrms","bthrm","1655","0","5","72"
"1588","spring","spring","1656","0","3","45"
"1589","mud","mud","1657","0","6","65"
"1590","jewel","jewel","1658","0","5","125"
"1591","everyday","everydai","1659","0","3","60"
"1592","adventures","adventur","1660","0","4","66"
"1593","social","social","1661","0","4","55"
"1594","improved","improv","1662","0","3","39"
"1595","case","case","1663","0","9","113"
"1596","frml","frml","1664","0","3","36"
"1597","foundation","foundat","1665","0","5","70"
"1598","significant","signific","1666","0","4","62"
"1599","pre","pre","1667","0","2","35"
"1600","visions","vision","1668","0","5","59"
"1601","expense","expens","1669","0","4","87"
"1602","spared","spare","1670","0","4","67"
"1603","verify","verifi","1671","0","4","45"
"1604","d","d","1672","0","6","84"
"1605","husky","huski","1673","0","9","194"
"1606","stadium","stadium","1674","0","3","28"
"1607","lavish","lavish","1675","0","4","43"
"1608","oh","oh","1676","0","7","84"
"1609","matthews","matthew","1677","0","4","32"
"1610","idyllic","idyl","1678","0","7","100"
"1611","producing","produc","1679","0","5","56"
"1612","pear","pear","1680","0","3","29"
"1613","offstreet","offstreet","1682","0","3","23"
"1614","shines","shine","1683","0","2","32"
"1615","distinctive","distinct","1684","0","8","132"
"1616","dormer","dormer","1685","0","5","64"
"1617","zoo","zoo","1686","0","2","23"
"1618","herbs","herb","1687","0","7","106"
"1619","bistros","bistro","1688","0","2","35"
"1620","friends","friend","1689","0","3","28"
"1621","hardware","hardwar","1690","0","10","195"
"1622","perennial","perenni","1691","0","4","79"
"1623","sconces","sconc","1693","0","5","77"
"1624","stellar","stellar","1694","0","3","29"
"1625","orientation","orient","1695","0","3","32"
"1626","shake","shake","1696","0","3","39"
"1627","mere","mere","1697","0","2","27"
"1628","demand","demand","1698","0","2","27"
"1629","enough","enough","1699","0","4","89"
"1630","victorian","victorian","1700","0","7","129"
"1631","china","china","1701","0","3","63"
"1632","ave","av","1702","0","4","36"
"1633","lends","lend","1703","0","10","191"
"1634","ideas","idea","1705","0","3","50"
"1635","history","histori","1707","0","3","38"
"1636","movie","movi","1708","0","3","49"
"1637","how","how","1709","0","6","78"
"1638","historichomesinseattle","historichomesinseattl","1710","0","4","58"
"1639","amazon","amazon","1711","0","5","31"
"1640","am","am","1712","0","3","29"
"1641","people","peopl","1713","0","4","27"
"1642","my","my","1715","0","3","26"
"1643","courtesy","courtesi","1716","0","14","70"
"1644","john","john","1717","0","3","32"
"1645","sand","sand","1719","0","4","57"
"1646","stars","star","1720","0","3","35"
"1647","hang","hang","1721","0","7","105"
"1648","nightlife","nightlif","1722","0","5","58"
"1649","coffered","coffer","1723","0","2","25"
"1650","known","known","1724","0","2","25"
"1651","llc","llc","1725","0","5","25"
"1652","claw","claw","1726","0","3","27"
"1653","ez","ez","1728","0","3","47"
"1654","eye","ey","1731","0","5","75"
"1655","rated","rate","1732","0","5","49"
"1656","workbench","workbench","1734","0","7","41"
"1657","escape","escap","1735","0","3","35"
"1658","begin","begin","1736","0","4","38"
"1659","seamless","seamless","1738","0","3","40"
"1660","belt","belt","1739","0","6","48"
"1661","among","among","1740","0","3","27"
"1662","winding","wind","1741","0","4","32"
"1663","tiered","tier","1742","0","2","24"
"1664","tenant","tenant","1743","0","5","39"
"1665","playhouse","playhous","1744","0","3","25"
"1666","iron","iron","1745","0","3","48"
"1667","classy","classi","1747","0","4","86"
"1668","prominent","promin","1749","0","2","35"
"1669","king","king","1750","0","3","28"
"1670","nothing","noth","1751","0","3","39"
"1671","row","row","1752","0","4","100"
"1672","words","word","1753","0","3","39"
"1673","rooftop","rooftop","1755","0","5","58"
"1674","serve","serv","1756","0","7","113"
"1675","selected","select","1757","0","5","78"
"1676","ask","ask","1758","0","3","25"
"1677","unpainted","unpaint","1759","0","2","35"
"1678","address","address","1760","0","2","29"
"1679","stanford","stanford","1761","0","2","23"
"1680","earthquake","earthquak","1762","0","2","23"
"1681","retrofitting","retrofit","1763","0","3","44"
"1682","wolf","wolf","1764","0","3","68"
"1683","subzero","subzero","1766","0","7","137"
"1684","mill","mill","1767","0","3","45"
"1685","crystal","crystal","1768","0","4","70"
"1686","book","book","1769","0","2","28"
"1687","hook","hook","1770","0","6","92"
"1688","mini","mini","1771","0","3","27"
"1689","early","earli","1772","0","3","55"
"1690","blinds","blind","1773","0","4","46"
"1691","unfin","unfin","1774","0","4","71"
"1692","f","f","1776","0","3","27"
"1693","simple","simpl","1777","0","4","57"
"1694","21st","21st","1778","0","2","33"
"1695","soapstone","soapston","1779","0","2","32"
"1696","group","group","1780","0","3","30"
"1697","stairway","stairwai","1781","0","2","26"
"1698","trendy","trendi","1782","0","2","37"
"1699","plums","plum","1783","0","2","27"
"1700","toys","toi","1784","0","2","41"
"1701","growth","growth","1785","0","3","49"
"1702","plastered","plaster","1786","0","2","29"
"1703","positioned","posit","1787","0","2","28"
"1704","proportioned","proport","1788","0","3","43"
"1705","amount","amount","1789","0","4","38"
"1706","transformed","transform","1790","0","3","29"
"1707","golf","golf","1791","0","6","69"
"1708","international","intern","1792","0","7","140"
"1709","valley","vallei","1793","0","3","29"
"1710","record","record","1794","0","6","97"
"1711","class","class","1795","0","2","25"
"1712","entryway","entrywai","1796","0","3","36"
"1713","wndws","wndw","1797","0","2","48"
"1714","doorknobs","doorknob","1798","0","2","27"
"1715","upside","upsid","1799","0","4","26"
"1716","salmon","salmon","1800","0","3","36"
"1717","boutique","boutiqu","1801","0","5","54"
"1718","refined","refin","1802","0","4","48"
"1719","qa","qa","1803","0","4","56"
"1720","celebrations","celebr","1804","0","7","114"
"1721","seen","seen","1805","0","2","36"
"1722","direct","direct","1806","0","5","35"
"1723","raspberries","raspberri","1807","0","6","90"
"1724","sprawling","sprawl","1808","0","3","27"
"1725","underground","underground","1809","0","4","37"
"1726","addtl","addtl","1810","0","4","31"
"1727","m","m","1811","0","3","26"
"1728","substantially","substanti","1812","0","3","40"
"1729","glowing","glow","1813","0","2","26"
"1730","sunken","sunken","1814","0","3","31"
"1731","sylvan","sylvan","1815","0","6","51"
"1732","fplcs","fplc","1816","0","2","25"
"1733","expect","expect","1817","0","3","59"
"1734","extraordinary","extraordinari","1818","0","4","34"
"1735","contractor","contractor","1819","0","3","45"
"1736","shade","shade","1820","0","2","38"
"1737","sweat","sweat","1821","0","4","51"
"1738","forest","forest","1822","0","3","46"
"1739","jefferson","jefferson","1823","0","3","42"
"1740","course","cours","1824","0","4","59"
"1741","pouring","pour","1826","0","2","29"
"1742","faucet","faucet","1827","0","2","37"
"1743","prkg","prkg","1828","0","3","30"
"1744","past","past","1829","0","3","29"
"1745","filter","filter","1830","0","5","74"
"1746","someone","someon","1831","0","2","38"
"1747","seatac","seatac","1832","0","3","26"
"1748","surprisingly","surprisingli","1833","0","3","26"
"1749","benefit","benefit","1834","0","3","32"
"1750","malls","mall","1835","0","3","33"
"1751","apt","apt","1836","0","4","76"
"1752","soon","soon","1837","0","5","45"
"1753","satisfaction","satisfact","1838","0","4","42"
"1754","vacant","vacant","1839","0","4","35"
"1755","yrd","yrd","1840","0","5","34"
"1756","applcs","applc","1841","0","4","31"
"1757","incredibly","incredibli","1842","0","4","46"
"1758","grass","grass","1843","0","3","36"
"1759","approximately","approxim","1844","0","3","35"
"1760","anywhere","anywher","1845","0","2","23"
"1761","carefully","carefulli","1846","0","2","28"
"1762","buffet","buffet","1847","0","4","39"
"1763","drip","drip","1848","0","2","35"
"1764","windermere","windermer","1849","0","4","30"
"1765","met","met","1850","0","4","29"
"1766","storm","storm","1851","0","4","56"
"1767","sunlit","sunlit","1852","0","2","36"
"1768","redesigned","redesign","1853","0","3","33"
"1769","arboretum","arboretum","1854","0","3","29"
"1770","laurelhurst","laurelhurst","1855","0","6","113"
"1771","mean","mean","1856","0","9","140"
"1772","sure","sure","1857","0","3","36"
"1773","i5","i5","1858","0","4","65"
"1774","express","express","1859","0","6","60"
"1775","accessory","accessori","1860","0","4","47"
"1776","sharp","sharp","1861","0","2","26"
"1777","hwy","hwy","1862","0","3","26"
"1778","less","less","1863","0","4","71"
"1779","slu","slu","1864","0","5","89"
"1780","bordered","border","1865","0","5","43"
"1781","revival","reviv","1866","0","3","44"
"1782","skip","skip","1867","0","4","34"
"1783","contained","contain","1868","0","3","31"
"1784","ribbon","ribbon","1870","0","2","33"
"1785","why","why","1871","0","3","37"
"1786","flair","flair","1872","0","5","32"
"1787","collect","collect","1873","0","3","53"
"1788","pvt","pvt","1874","0","3","25"
"1789","college","colleg","1875","0","3","31"
"1790","northgate","northgat","1876","0","2","29"
"1791","pinehurst","pinehurst","1877","0","7","144"
"1792","pavers","paver","1878","0","4","36"
"1793","curved","curv","1879","0","2","27"
"1794","desk","desk","1880","0","2","29"
"1795","prof","prof","1881","0","3","53"
"1796","chimney","chimnei","1882","0","3","30"
"1797","dazzling","dazzl","1883","0","2","48"
"1798","spread","spread","1884","0","4","28"
"1799","koi","koi","1885","0","2","26"
"1800","dock","dock","1886","0","3","25"
"1801","ambiance","ambianc","1887","0","6","64"
"1802","ext","ext","1888","0","3","37"
"1803","display","displai","1889","0","4","69"
"1804","financing","financ","1890","0","3","39"
"1805","edge","edg","1891","0","7","25"
"1806","priv","priv","1892","0","2","29"
"1807","complementing","complement","1894","0","2","35"
"1808","tone","tone","1895","0","2","37"
"1809","them","them","1896","0","3","42"
"1810","pop","pop","1897","0","4","32"
"1811","interbay","interbai","1898","0","2","32"
"1812","plantation","plantat","1900","0","2","30"
"1813","blvd","blvd","1901","0","4","26"
"1814","immediate","immedi","1902","0","3","32"
"1815","proud","proud","1903","0","3","35"
"1816","yes","ye","1904","0","2","27"
"1817","1bath","1bath","1905","0","5","53"
"1818","fin","fin","1906","0","2","25"
"1819","bkyd","bkyd","1907","0","3","37"
"1820","compelling","compel","1908","0","3","32"
"1821","rustic","rustic","1909","0","3","40"
"1822","cat","cat","1910","0","2","30"
"1823","canopy","canopi","1911","0","3","42"
"1824","int","int","1912","0","2","35"
"1825","deluxe","delux","1913","0","3","36"
"1826","stylishly","stylishli","1915","0","2","33"
"1827","cash","cash","1916","0","4","27"
"1828","saves","save","1917","0","5","26"
"1829","berry","berri","1918","0","3","34"
"1830","capitol","capitol","1919","0","2","31"
"1831","internet","internet","1920","0","6","158"
"1832","x","x","1921","0","3","34"
"1833","river","river","1922","0","6","52"
"1834","hub","hub","1923","0","2","29"
"1835","hawthorn","hawthorn","1924","0","2","32"
"1836","core","core","1925","0","4","53"
"1837","blaine","blain","1926","0","2","25"
"1838","divided","divid","1927","0","3","27"
"1839","seward","seward","1928","0","4","48"
"1840","eco","eco","1929","0","15","248"
"1841","tri","tri","1930","0","3","34"
"1842","hillside","hillsid","1932","0","3","40"
"1843","75ba","75ba","1933","0","3","38"
"1844","dollars","dollar","1935","0","2","29"
"1845","broadmoor","broadmoor","1936","0","4","39"
"1846","chandeliers","chandeli","1937","0","2","32"
"1847","shore","shore","1938","0","3","29"
"1848","decade","decad","1939","0","3","34"
"1849","hedge","hedg","1940","0","5","30"
"1850","repair","repair","1942","0","2","25"
"1851","imported","import","1943","0","3","30"
"1852","solidly","solidli","1944","0","3","26"
"1853","jackson","jackson","1945","0","3","38"
"1854","thornton","thornton","1946","0","3","34"
"1855","once","onc","1947","0","4","30"
"1856","leaf","leaf","1948","0","5","63"
"1857","victory","victori","1949","0","10","276"
"1858","portage","portag","1950","0","3","33"
"1859","4bd","4bd","1952","0","2","46"
"1860","name","name","1955","0","2","30"
"1861","costs","cost","1956","0","4","34"
"1862","eastern","eastern","1957","0","3","26"
"1863","appears","appear","1958","0","3","25"
"1864","wont","wont","1959","0","3","28"
"1865","happy","happi","1960","0","4","28"
"1866","tech","tech","1961","0","3","48"
"1867","juliet","juliet","1962","0","3","35"
"1868","tangletown","tangletown","1963","0","2","27"
"1869","lifetime","lifetim","1964","0","6","117"
"1870","highland","highland","1965","0","3","40"
"1871","judkins","judkin","1966","0","4","61"
"1872","artisan","artisan","1967","0","3","24"
"1873","volunteer","volunt","1969","0","2","25"
"1874","composite","composit","1970","0","2","29"
"1875","taken","taken","1971","0","4","55"
"1876","2bd","2bd","1972","0","3","52"
"1877","deco","deco","1973","0","3","25"
"1878","cluster","cluster","1974","0","2","28"
"1879","clad","clad","1975","0","2","25"
"1880","haller","haller","1976","0","2","25"
"1881","aurora","aurora","1977","0","4","65"
"1882","montlake","montlak","1978","0","2","29"
